persona_name,transactionid,accountid,bookingdate,valuedate,amount,currency,creditorname,debtorname,remittanceinfo,direction
stable_low_risk,314DgywmxRIGgNoRw8LWH8GlNVVvZ4iZGjQ5o,nEa3VZ1W9rCWoG5KPbgVhnkVPAPr79tAAQ4AG,2026-04-21,2026-04-21,3304.72,USD,,,PLAID INC PAYROLL REG SALARY,debit
stable_low_risk,BPEgx4d7WjsAoLGEW4p5hp6XZEEenJc4qpXVm,nEa3VZ1W9rCWoG5KPbgVhnkVPAPr79tAAQ4AG,2026-04-20,2026-04-20,1500.0,USD,,,AIRBNB Payments PPD ID: 1234567890,debit
stable_low_risk,rEk4VpyboxCykGK3Q7rMhv8PNzzokeC7LApNr,nEa3VZ1W9rCWoG5KPbgVhnkVPAPr79tAAQ4AG,2026-04-20,2026-04-20,-162.24,USD,,,ALDI 123131 PURCHASE ALDI 123123,debit
stable_low_risk,zKpEqkx31eSzaMEk8XN4H1EP3jjbw5TlDyM64,nEa3VZ1W9rCWoG5KPbgVhnkVPAPr79tAAQ4AG,2026-04-20,2026-04-20,-1820.55,USD,,,Southwest Airlines,debit
stable_low_risk,KkvrQ19gWoTvXpx5a13Gh9bawkkBJ8CRg9KrW,nEa3VZ1W9rCWoG5KPbgVhnkVPAPr79tAAQ4AG,2026-04-19,2026-04-19,-137.58,USD,,,Domino's,debit
stable_low_risk,lExzVe58okCx6GWl49JNTo6wKMMn95cp1qn66,nEa3VZ1W9rCWoG5KPbgVhnkVPAPr79tAAQ4AG,2026-04-18,2026-04-18,-121.54,USD,,,ALDI 123131 PURCHASE ALDI 123123,debit
stable_low_risk,qwPaVLpno3tXBW9neNKzTkdVw66xRzfg8jLBX,nEa3VZ1W9rCWoG5KPbgVhnkVPAPr79tAAQ4AG,2026-04-18,2026-04-18,-85.32,USD,,,POS SMART AND FINAL 111,debit
stable_low_risk,kE3r57jgolCGB6X19eJ7HZKwoEEVRGiLrjqAa,nEa3VZ1W9rCWoG5KPbgVhnkVPAPr79tAAQ4AG,2026-04-17,2026-04-17,-197.8,USD,,,Chick-fil-A,debit
stable_low_risk,JLvKeMRoWpH8LD35dMnQFyoZbpp1KjfBpy1wn,nEa3VZ1W9rCWoG5KPbgVhnkVPAPr79tAAQ4AG,2026-04-17,2026-04-17,-181.56,USD,,,POKE BROS * POKE BRO,debit
stable_low_risk,wEMeVW9r1PCx9GlVpQL4TN7DrgglRbCPAp3KL,nEa3VZ1W9rCWoG5KPbgVhnkVPAPr79tAAQ4AG,2026-04-16,2026-04-16,-157.46,USD,,,Amazon,debit
stable_low_risk,5pP1EvGqalIJzR8EwkeKHwJKlGG5pdt5znbjb,nEa3VZ1W9rCWoG5KPbgVhnkVPAPr79tAAQ4AG,2026-04-16,2026-04-16,-168.99,USD,,,TAQUERIA EL GUERRERO,debit
stable_low_risk,D7A9aPjQGeTX9El5DPZRT7zWAGGxqec3mo7GE,nEa3VZ1W9rCWoG5KPbgVhnkVPAPr79tAAQ4AG,2026-04-14,2026-04-14,-67.92,USD,,,Chick-fil-A,debit
stable_low_risk,V4v7AbGKm3Tw1yM5LnG9UaoGZlldykt9bVoNn,nEa3VZ1W9rCWoG5KPbgVhnkVPAPr79tAAQ4AG,2026-04-14,2026-04-14,3241.83,USD,,,PLAID INC PAYROLL REG SALARY,debit
stable_low_risk,XPvDnyEkRdsVzbLljmNqfoMP3ZZj7gcbpX981,nEa3VZ1W9rCWoG5KPbgVhnkVPAPr79tAAQ4AG,2026-04-14,2026-04-14,-162.71,USD,,,Publix,debit
stable_low_risk,6lj1WRNK4qHXmBp3e8LvT4XDqggMr7u8jlmn8,nEa3VZ1W9rCWoG5KPbgVhnkVPAPr79tAAQ4AG,2026-04-13,2026-04-13,-122.38,USD,,,Safeway,debit
stable_low_risk,R3v4gWXbAKH8vQ75Br3EFr3EZRRaLjua7qw5R,nEa3VZ1W9rCWoG5KPbgVhnkVPAPr79tAAQ4AG,2026-04-12,2026-04-12,-58.15,USD,,,POS SMART AND FINAL 111,debit
stable_low_risk,vXZ7VE9KJNTA5Eg4m7NZhLjz577ABMCqaKgVo,nEa3VZ1W9rCWoG5KPbgVhnkVPAPr79tAAQ4AG,2026-04-11,2026-04-11,-98.24,USD,,,Chick-fil-A,debit
stable_low_risk,9rQgnqNBjzURvNzakqVpHKRVznn1MyI4zvkMz,nEa3VZ1W9rCWoG5KPbgVhnkVPAPr79tAAQ4AG,2026-04-11,2026-04-11,-101.56,USD,,,Publix,debit
stable_low_risk,yqLZlGzBR7sWa98jGpPMhLv3a77nmzC4kaop1,nEa3VZ1W9rCWoG5KPbgVhnkVPAPr79tAAQ4AG,2026-04-11,2026-04-11,-159.97,USD,,,Publix,debit
stable_low_risk,mydBVQZEwKSVGErqNbd3fPzmRooqgDfgRo98l,nEa3VZ1W9rCWoG5KPbgVhnkVPAPr79tAAQ4AG,2026-04-10,2026-04-10,-189.34,USD,,,Amazon,debit
stable_low_risk,bEv9VBQ7oMCWRG54l1n6hwde655LkZtmgkEre,nEa3VZ1W9rCWoG5KPbgVhnkVPAPr79tAAQ4AG,2026-04-10,2026-04-10,-51.72,USD,,,INSTACART HTTPSINSTACAR,debit
stable_low_risk,nEa3VZ1W9rCWoG5KPbgVhnkev668LjtAP5ZgR,nEa3VZ1W9rCWoG5KPbgVhnkVPAPr79tAAQ4AG,2026-04-09,2026-04-09,-96.26,USD,,,Home Depot,debit
stable_low_risk,GZvEPeB16MUamKr5XeZjhpRM6AAz1ac6JpqR9,nEa3VZ1W9rCWoG5KPbgVhnkVPAPr79tAAQ4AG,2026-04-09,2026-04-09,-79.78,USD,,,Publix,debit
stable_low_risk,WNveGmgrAxHJgk15BdR3HqmVjGG4rAT6obXqb,nEa3VZ1W9rCWoG5KPbgVhnkVPAPr79tAAQ4AG,2026-04-08,2026-04-08,-38.2,USD,,,POS SMART AND FINAL 111,debit
stable_low_risk,AN8v3abjWPHEVKzZya68hp9lPWWRGwc9Rpa3j,nEa3VZ1W9rCWoG5KPbgVhnkVPAPr79tAAQ4AG,2026-04-08,2026-04-08,-4792.0,USD,,,SLS Mortgage Pay,debit
stable_low_risk,oE4kVMNAozCLzGRrjblMhQvMx66oAdio4Z1G3,nEa3VZ1W9rCWoG5KPbgVhnkVPAPr79tAAQ4AG,2026-04-07,2026-04-07,-44.6,USD,,,Home Depot,debit
stable_low_risk,EeGg4jEZWQHJlkq5bjypHz7mAWWbpBC4ZBr3y,nEa3VZ1W9rCWoG5KPbgVhnkVPAPr79tAAQ4AG,2026-04-07,2026-04-07,3654.58,USD,,,PLAID INC PAYROLL REG SALARY,debit
stable_low_risk,g9KLV4Z16gFG3EReBwvgHXj97nnqJoFEj6Pdm,nEa3VZ1W9rCWoG5KPbgVhnkVPAPr79tAAQ4AG,2026-04-07,2026-04-07,-132.56,USD,,,Publix,debit
stable_low_risk,8Ke8GlVzPrSZpwWdvl4acoZkVnnxmJcWvXgeA,nEa3VZ1W9rCWoG5KPbgVhnkVPAPr79tAAQ4AG,2026-04-07,2026-04-07,-154.11,USD,,,Safeway,debit
stable_low_risk,1ZdDpb3nBRUlG7aqrQpnIolmZWWMyjcpbkNEj,nEa3VZ1W9rCWoG5KPbgVhnkVPAPr79tAAQ4AG,2026-04-04,2026-04-04,-131.19,USD,,,POKE BROS * POKE BRO,debit
stable_low_risk,pwNdV1pGmBtb7EPzGRqNtwvraVVAkZtp9vb8Z,nEa3VZ1W9rCWoG5KPbgVhnkVPAPr79tAAQ4AG,2026-04-04,2026-04-04,-113.69,USD,,,Safeway,debit
stable_low_risk,LlvzZLy8wkHZJbd5yLlvco3AjKK4J8ckgxqdn,nEa3VZ1W9rCWoG5KPbgVhnkVPAPr79tAAQ4AG,2026-04-04,2026-04-04,-190.64,USD,,,VEG & GO PLANT BASED RIVERSIDE CA VEG & GOYUM YUM # 11M CA YUM YUM # 11M,debit
stable_low_risk,Z7XGVvD3A4TE8koKznmMhjlxGzzoDLuenEP9a,nEa3VZ1W9rCWoG5KPbgVhnkVPAPr79tAAQ4AG,2026-04-03,2026-04-03,-49.86,USD,,,ALDI 123131 PURCHASE ALDI 123123,debit
stable_low_risk,QBwaoEgnAqUgKej57noyTeEamxxzkotwrgZRl,nEa3VZ1W9rCWoG5KPbgVhnkVPAPr79tAAQ4AG,2026-04-03,2026-04-03,-33.05,USD,,,Costco,debit
stable_low_risk,MqvBMpGkV8skE9a57pqxHWbJGppkvxiLbWNGp,nEa3VZ1W9rCWoG5KPbgVhnkVPAPr79tAAQ4AG,2026-04-03,2026-04-03,-94.97,USD,,,Safeway,debit
stable_low_risk,7q7WA63rNKs53vxEl8VWIQ5wKBB1Prid456rp,nEa3VZ1W9rCWoG5KPbgVhnkVPAPr79tAAQ4AG,2026-04-02,2026-04-02,-107.65,USD,,,Chick-fil-A,debit
stable_low_risk,eEl8VdQZDpCneG9jrozKcwNGM55L13trybJem,nEa3VZ1W9rCWoG5KPbgVhnkVPAPr79tAAQ4AG,2026-04-02,2026-04-02,-174.82,USD,,,Target,debit
stable_low_risk,apvLVzyjGZIlXKnvQ51jI9xAwDD6X5CZpEoVr,nEa3VZ1W9rCWoG5KPbgVhnkVPAPr79tAAQ4AG,2026-03-31,2026-03-31,-78.52,USD,,,ALDI 123131 PURCHASE ALDI 123123,debit
stable_low_risk,4LNg89jldRHGV5LEr84qHP9bLvvwNRfJ8v94Z,nEa3VZ1W9rCWoG5KPbgVhnkVPAPr79tAAQ4AG,2026-03-31,2026-03-31,-185.0,USD,,,Costco,debit
stable_low_risk,jEBKVjXo6WCdE9gAGbLJUKqMRAA5xEI6o7xlL,nEa3VZ1W9rCWoG5KPbgVhnkVPAPr79tAAQ4AG,2026-03-31,2026-03-31,3098.58,USD,,,PLAID INC PAYROLL REG SALARY,debit
stable_low_risk,NKv31obWyESnQw45eoXmclmMRpp1AZCyLGokq,nEa3VZ1W9rCWoG5KPbgVhnkVPAPr79tAAQ4AG,2026-03-31,2026-03-31,-141.23,USD,,,TAQUERIA EL GUERRERO,debit
stable_low_risk,Pzvdp8XGAlSe4bP5onz8T3GBQppyodHoEe8VZ,nEa3VZ1W9rCWoG5KPbgVhnkVPAPr79tAAQ4AG,2026-03-31,2026-03-31,-172.59,USD,,,TAQUERIA EL GUERRERO,debit
stable_low_risk,dEvAVxaQ9LCEAkyWGv1qh34lJoobVMHJoblrv,nEa3VZ1W9rCWoG5KPbgVhnkVPAPr79tAAQ4AG,2026-03-30,2026-03-30,-45.01,USD,,,ALDI 123131 PURCHASE ALDI 123123,debit
stable_low_risk,LlvzZLy8wkHZJbd5yLlvco3AjKK4J8ckgxqBZ,nEa3VZ1W9rCWoG5KPbgVhnkVPAPr79tAAQ4AG,2026-03-29,2026-03-29,-99.58,USD,,,INSTACART HTTPSINSTACAR,debit
stable_low_risk,314DgywmxRIGgNoRw8LWH8GlNVVvZ4iZGjQXo,nEa3VZ1W9rCWoG5KPbgVhnkVPAPr79tAAQ4AG,2026-03-29,2026-03-29,-198.55,USD,,,VEG & GO PLANT BASED RIVERSIDE CA VEG & GOYUM YUM # 11M CA YUM YUM # 11M,debit
stable_low_risk,xl1ZVAwzmjHxrX6PomNAT1k7r66Ra3T6mzkLD,nEa3VZ1W9rCWoG5KPbgVhnkVPAPr79tAAQ4AG,2026-03-29,2026-03-29,-131.38,USD,,,Walmart,debit
stable_low_risk,MqvBMpGkV8skE9a57pqxHWbJGppkvxiLbWNkj,nEa3VZ1W9rCWoG5KPbgVhnkVPAPr79tAAQ4AG,2026-03-26,2026-03-26,-173.24,USD,,,Family Dollar,debit
stable_low_risk,Z7XGVvD3A4TE8koKznmMhjlxGzzoDLuenEPWA,nEa3VZ1W9rCWoG5KPbgVhnkVPAPr79tAAQ4AG,2026-03-26,2026-03-26,-117.17,USD,,,INSTACART HTTPSINSTACAR,debit
stable_low_risk,1ZdDpb3nBRUlG7aqrQpnIolmZWWMyjcpbkNVA,nEa3VZ1W9rCWoG5KPbgVhnkVPAPr79tAAQ4AG,2026-03-26,2026-03-26,-193.98,USD,,,Publix,debit
stable_low_risk,eEl8VdQZDpCneG9jrozKcwNGM55L13trybJPe,nEa3VZ1W9rCWoG5KPbgVhnkVPAPr79tAAQ4AG,2026-03-25,2026-03-25,-36.52,USD,,,IKEA CHICAGO,debit
stable_low_risk,QBwaoEgnAqUgKej57noyTeEamxxzkotwrgZBA,nEa3VZ1W9rCWoG5KPbgVhnkVPAPr79tAAQ4AG,2026-03-25,2026-03-25,-115.9,USD,,,Publix,debit
stable_low_risk,Pzvdp8XGAlSe4bP5onz8T3GBQppyodHoEe8j8,nEa3VZ1W9rCWoG5KPbgVhnkVPAPr79tAAQ4AG,2026-03-24,2026-03-24,-113.9,USD,,,Amazon,debit
stable_low_risk,7q7WA63rNKs53vxEl8VWIQ5wKBB1Prid45633,nEa3VZ1W9rCWoG5KPbgVhnkVPAPr79tAAQ4AG,2026-03-24,2026-03-24,3116.27,USD,,,PLAID INC PAYROLL REG SALARY,debit
stable_low_risk,jEBKVjXo6WCdE9gAGbLJUKqMRAA5xEI6o7x9Q,nEa3VZ1W9rCWoG5KPbgVhnkVPAPr79tAAQ4AG,2026-03-24,2026-03-24,-82.82,USD,,,TAQUERIA EL GUERRERO,debit
stable_low_risk,4LNg89jldRHGV5LEr84qHP9bLvvwNRfJ8v9W3,nEa3VZ1W9rCWoG5KPbgVhnkVPAPr79tAAQ4AG,2026-03-23,2026-03-23,-84.58,USD,,,Amazon,debit
stable_low_risk,NKv31obWyESnQw45eoXmclmMRpp1AZCyLGoax,nEa3VZ1W9rCWoG5KPbgVhnkVPAPr79tAAQ4AG,2026-03-23,2026-03-23,-115.07,USD,,,Walmart,debit
stable_low_risk,xl1ZVAwzmjHxrX6PomNAT1k7r66Ra3T6mzkg6,nEa3VZ1W9rCWoG5KPbgVhnkVPAPr79tAAQ4AG,2026-03-22,2026-03-22,-105.07,USD,,,Costco,debit
stable_low_risk,dEvAVxaQ9LCEAkyWGv1qh34lJoobVMHJobl9B,nEa3VZ1W9rCWoG5KPbgVhnkVPAPr79tAAQ4AG,2026-03-22,2026-03-22,-154.53,USD,,,POS SMART AND FINAL 111,debit
stable_low_risk,apvLVzyjGZIlXKnvQ51jI9xAwDD6X5CZpEon1,nEa3VZ1W9rCWoG5KPbgVhnkVPAPr79tAAQ4AG,2026-03-22,2026-03-22,-31.19,USD,,,VIDALIA'S RESTAURANT,debit
financially_stretched,jnWdwaE8LxF6AzX3JqrKfKqkZbx6bzTvabEZa,45R4MPLJnXHgEblJqPewsP9PMaXDjzilA7Dnj,2026-04-21,2026-04-21,-6.03,USD,,,Uber Eats,debit
financially_stretched,45R4MPLJnXHgEblJqPewsP94B3NQ38ulLEon7,45R4MPLJnXHgEblJqPewsP9PMaXDjzilA7Dnj,2026-04-20,2026-04-20,-23.1,USD,,,ALDI 123131 PURCHASE ALDI 123123,debit
financially_stretched,NDEdA9Kr8pu35kqgmpGAHlmGExAexLcXQN3n5,45R4MPLJnXHgEblJqPewsP9PMaXDjzilA7Dnj,2026-04-20,2026-04-20,-59.85,USD,,,POKE BROS * POKE BRO,debit
financially_stretched,PDl4mwzBkguA5x7r8g1qh3GxRwo1wWtXAm1Qv,45R4MPLJnXHgEblJqPewsP9PMaXDjzilA7Dnj,2026-04-20,2026-04-20,-23.65,USD,,,Walmart,debit
financially_stretched,xnjoEJlQDpFgPdEQAen1s1k5JjaLjEUyeW1J8,45R4MPLJnXHgEblJqPewsP9PMaXDjzilA7Dnj,2026-04-19,2026-04-19,-50.76,USD,,,Domino's,debit
financially_stretched,abZAolpm6wukvw7ajLP9h9x31EX7EvtkDGN1x,45R4MPLJnXHgEblJqPewsP9PMaXDjzilA7Dnj,2026-04-19,2026-04-19,-355.5,USD,,,Earnin Inc DES:XXXXX1111111 PPD,debit
financially_stretched,d6LKGrEmMqFMWgRpqrN3H34kDeVWe6tBRAkDm,45R4MPLJnXHgEblJqPewsP9PMaXDjzilA7Dnj,2026-04-19,2026-04-19,-7.71,USD,,,INSTACART HTTPSINSTACAR,debit
financially_stretched,Bbj8rmP3LauREV7Q5av3sp6jDrnyr4tzgJBA3,45R4MPLJnXHgEblJqPewsP9PMaXDjzilA7Dnj,2026-04-19,2026-04-19,-22.76,USD,,,POS SMART AND FINAL 111,debit
financially_stretched,3ARaQN19n6T9R7QZWxzvU8GazKZrKoimENAMk,45R4MPLJnXHgEblJqPewsP9PMaXDjzilA7Dnj,2026-04-19,2026-04-19,-6.29,USD,,,Safeway,debit
financially_stretched,zXe8nbKDlgiAk9Ko4Zj3h1EmaNwQN8U3Q8V3P,45R4MPLJnXHgEblJqPewsP9PMaXDjzilA7Dnj,2026-04-18,2026-04-18,-6.49,USD,,,Costco,debit
financially_stretched,KDoBpmklAMud5R4nGMbJh9bzMvJpvGtE13yE4,45R4MPLJnXHgEblJqPewsP9PMaXDjzilA7Dnj,2026-04-18,2026-04-18,-15.02,USD,,,Draftkings,debit
financially_stretched,lnk4qNEymaFnl3X5NvwoSo6dEp9gpBhaRA4aG,45R4MPLJnXHgEblJqPewsP9PMaXDjzilA7Dnj,2026-04-18,2026-04-18,-36.32,USD,,,Draftkings,debit
financially_stretched,kWlaJ4E8Mds413yb7KDzhZKayxRDx7CJoR9JR,45R4MPLJnXHgEblJqPewsP9PMaXDjzilA7Dnj,2026-04-18,2026-04-18,-12.32,USD,,,FanDuelDraftkings,debit
financially_stretched,rnxQjZEm7eF53BwqMabvUv8MaLkrLlid1BQd8,45R4MPLJnXHgEblJqPewsP9PMaXDjzilA7Dnj,2026-04-18,2026-04-18,-7.09,USD,,,POKE BROS * POKE BRO,debit
financially_stretched,qy3eNQw8J7uGnM1qzdDkIkdMNyRPyjC6RXE6e,45R4MPLJnXHgEblJqPewsP9PMaXDjzilA7Dnj,2026-04-18,2026-04-18,-18.51,USD,,,Publix,debit
financially_stretched,5mlNLjp9nDFyENq1KL6xUwJDNxp6xbuG8LvGJ,45R4MPLJnXHgEblJqPewsP9PMaXDjzilA7Dnj,2026-04-17,2026-04-17,-14.59,USD,,,ALDI 123131 PURCHASE ALDI 123123,debit
financially_stretched,JDpz1mL7wZuw5kGRQZjXTyoJMxKlxkIQkNAQw,45R4MPLJnXHgEblJqPewsP9PMaXDjzilA7Dnj,2026-04-17,2026-04-17,-334.68,USD,,,OPORTUN/PROGRESS DES:ACH ID:111111 PPD,debit
financially_stretched,wmPpgoE8RLFzVje647dNCN7JqXRkXvCEmdGEQ,45R4MPLJnXHgEblJqPewsP9PMaXDjzilA7Dnj,2026-04-17,2026-04-17,-42.32,USD,,,Safeway,debit
financially_stretched,DDeWxv7dnNu15qQaRNpyU7zPQKq4KXS4Jp14n,45R4MPLJnXHgEblJqPewsP9PMaXDjzilA7Dnj,2026-04-16,2026-04-16,-45.63,USD,,,Draftkings,debit
financially_stretched,VD3Ql94NZnuB5QlN9X4ETaoVj7yp7WuqEAaqo,45R4MPLJnXHgEblJqPewsP9PMaXDjzilA7Dnj,2026-04-16,2026-04-16,-13.63,USD,,,Safeway,debit
financially_stretched,XWdMz9Pjbmswl91KqB6yToMXkp7DpLh1LlQ1x,45R4MPLJnXHgEblJqPewsP9PMaXDjzilA7Dnj,2026-04-15,2026-04-15,-36.5,USD,,,INSUFFICIENT FUNDS FEE,debit
financially_stretched,6EqPo7l9nVC43WKyv5wNh4XRvZrVZku1eA61b,45R4MPLJnXHgEblJqPewsP9PMaXDjzilA7Dnj,2026-04-15,2026-04-15,-22.82,USD,,,Target,debit
financially_stretched,RDKPR93xwEuD59MGEJmgFr3qngL9gbiPA19PP,45R4MPLJnXHgEblJqPewsP9PMaXDjzilA7Dnj,2026-04-14,2026-04-14,-387.97,USD,,,OPORTUN/PROGRESS DES:ACH ID:111111 PPD,debit
financially_stretched,vnNLpkX8g1Fq4x8DZjoLULjNneBRedFv17pvq,45R4MPLJnXHgEblJqPewsP9PMaXDjzilA7Dnj,2026-04-14,2026-04-14,-19.53,USD,,,Safeway,debit
financially_stretched,yn7gApq8koF5j4oZMvLlULvxbWmNWoFKwvGKr,45R4MPLJnXHgEblJqPewsP9PMaXDjzilA7Dnj,2026-04-13,2026-04-13,-52.33,USD,,,Draftkings,debit
financially_stretched,mnKNrPy8M4F7qpg53znPUPz1MVgpV8u4X3E4R,45R4MPLJnXHgEblJqPewsP9PMaXDjzilA7Dnj,2026-04-13,2026-04-13,-13.28,USD,,,Family Dollar,debit
financially_stretched,bWMl8qEmD5sz4XDM6P9wCwd4NVkEVWuo7vlo9,45R4MPLJnXHgEblJqPewsP9PMaXDjzilA7Dnj,2026-04-13,2026-04-13,-14.15,USD,,,POKE BROS * POKE BRO,debit
financially_stretched,9EzeGZr9RlCDa4BEpl3dFKRm5dMJdqTqgJrqR,45R4MPLJnXHgEblJqPewsP9PMaXDjzilA7Dnj,2026-04-13,2026-04-13,-15.45,USD,,,TAQUERIA EL GUERRERO,debit
financially_stretched,GDMqjmZNn7uw5v3kj7GDTpRw5q19qXtGojaGd,45R4MPLJnXHgEblJqPewsP9PMaXDjzilA7Dnj,2026-04-11,2026-04-11,-17.06,USD,,,Chick-fil-A,debit
financially_stretched,nnrPBjE8RNFEKewBVkjnUnkoKDLVD9F3Qmo3X,45R4MPLJnXHgEblJqPewsP9PMaXDjzilA7Dnj,2026-04-11,2026-04-11,-49.01,USD,,,FanDuel,debit
financially_stretched,WDxZK9NPXbu75ywe3LnjUqmbMdrRdXTPjaRPM,45R4MPLJnXHgEblJqPewsP9PMaXDjzilA7Dnj,2026-04-09,2026-04-09,-59.84,USD,,,ALDI 123131 PURCHASE ALDI 123123,debit
financially_stretched,EDQAa6ekVPuv53rZpPEWUz7PxwpXwjigmdygR,45R4MPLJnXHgEblJqPewsP9PMaXDjzilA7Dnj,2026-04-09,2026-04-09,-51.34,USD,,,Family Dollar,debit
financially_stretched,8Er7WQK9J5CEdbzQaXBxUoZyqemaeXhZ8EnZX,45R4MPLJnXHgEblJqPewsP9PMaXDjzilA7Dnj,2026-04-09,2026-04-09,-20.64,USD,,,VIDALIA'S RESTAURANT,debit
financially_stretched,AEPgqmNBwdCbZDjg8dvotp9ZNEGMEgt45e84D,45R4MPLJnXHgEblJqPewsP9PMaXDjzilA7Dnj,2026-04-09,2026-04-09,1004.18,USD,,,Venmo,debit
financially_stretched,pnB7aewWMjFvzZa9Nx1wUwvnEzkjzXuJzmwJ1,45R4MPLJnXHgEblJqPewsP9PMaXDjzilA7Dnj,2026-04-08,2026-04-08,-50.94,USD,,,FanDuelDraftkings,debit
financially_stretched,1ERxPaZ96vCVq4APnD3bUolwdGy8Gahqrvzq8,45R4MPLJnXHgEblJqPewsP9PMaXDjzilA7Dnj,2026-04-08,2026-04-08,-56.82,USD,,,Nike,debit
financially_stretched,onzjx7Ew1PFarnWJM3yQUQvykrAKr9Hpbwjpa,45R4MPLJnXHgEblJqPewsP9PMaXDjzilA7Dnj,2026-04-08,2026-04-08,-27.98,USD,,,POS SMART AND FINAL 111,debit
financially_stretched,LDk3g9lqp1uA58oRv1arho3xyMJXMEheEz7eJ,45R4MPLJnXHgEblJqPewsP9PMaXDjzilA7Dnj,2026-04-08,2026-04-08,-39.34,USD,,,POS SMART AND FINAL 111,debit
financially_stretched,gWgBv39mMzsmeQJ1g9zXUXjB4bJwbetL5koLo,45R4MPLJnXHgEblJqPewsP9PMaXDjzilA7Dnj,2026-04-08,2026-04-08,978.21,USD,,,Venmo,debit
financially_stretched,MD8xEmqKgLuK5bRjxLdeHWbEKRvLRmF41ZK4g,45R4MPLJnXHgEblJqPewsP9PMaXDjzilA7Dnj,2026-04-06,2026-04-06,-10.3,USD,,,Family Dollar,debit
financially_stretched,45R4MPLJnXHgEblJqPewsP94B3NQ38ulLEol7,45R4MPLJnXHgEblJqPewsP9PMaXDjzilA7Dnj,2026-04-05,2026-04-05,-55.46,USD,,,Chick-fil-A,debit
financially_stretched,ZW4LdJ7mE9sgKRqJMbrjsjlZrAD3AWuJGk3Jq,45R4MPLJnXHgEblJqPewsP9PMaXDjzilA7Dnj,2026-04-05,2026-04-05,-49.92,USD,,,DD DOORDASH BOSTONMAR,debit
financially_stretched,PDl4mwzBkguA5x7r8g1qh3GxRwo1wWtXAm1Xv,45R4MPLJnXHgEblJqPewsP9PMaXDjzilA7Dnj,2026-04-05,2026-04-05,-22.59,USD,,,Family Dollar,debit
financially_stretched,QDqN9kB3p8uk5apGyWbwheEyvnk1nJSGDA1G6,45R4MPLJnXHgEblJqPewsP9PMaXDjzilA7Dnj,2026-04-05,2026-04-05,-57.36,USD,,,Home Depot,debit
financially_stretched,NDEdA9Kr8pu35kqgmpGAHlmGExAexLcXQN3X5,45R4MPLJnXHgEblJqPewsP9PMaXDjzilA7Dnj,2026-04-05,2026-04-05,-27.38,USD,,,Nike,debit
financially_stretched,jnWdwaE8LxF6AzX3JqrKfKqkZbx6bzTvabEva,45R4MPLJnXHgEblJqPewsP9PMaXDjzilA7Dnj,2026-04-05,2026-04-05,-37.15,USD,,,POS SMART AND FINAL 111,debit
financially_stretched,eWprbzEmMKsXj8mbKW6wHwNo7a1PaWuamngav,45R4MPLJnXHgEblJqPewsP9PMaXDjzilA7Dnj,2026-04-05,2026-04-05,-52.52,USD,,,POS SMART AND FINAL 111,debit
financially_stretched,7DKj8eq9RwueEMrNWqzpUQ5GmpPMpeH8xVZ8B,45R4MPLJnXHgEblJqPewsP9PMaXDjzilA7Dnj,2026-04-05,2026-04-05,-20.63,USD,,,Uber Eats,debit
financially_stretched,JDpz1mL7wZuw5kGRQZjXTyoJpGED8phQkNAQa,45R4MPLJnXHgEblJqPewsP9PMaXDjzilA7Dnj,2026-04-04,2026-04-04,-27.51,USD,,,FanDuelDraftkings,debit
financially_stretched,d6LKGrEmMqFMWgRpqrN3H34kDeVWe6tBRAkBm,45R4MPLJnXHgEblJqPewsP9PMaXDjzilA7Dnj,2026-04-04,2026-04-04,-24.95,USD,,,IKEA CHICAGO,debit
financially_stretched,abZAolpm6wukvw7ajLP9h9x31EX7EvtkDGNkx,45R4MPLJnXHgEblJqPewsP9PMaXDjzilA7Dnj,2026-04-04,2026-04-04,-47.8,USD,,,OVERDRAFT FEE,debit
financially_stretched,kWlaJ4E8Mds413yb7KDzhZKaEPvedEiJoR9Jk,45R4MPLJnXHgEblJqPewsP9PMaXDjzilA7Dnj,2026-04-04,2026-04-04,-16.58,USD,,,VIDALIA'S RESTAURANT,debit
financially_stretched,5mlNLjp9nDFyENq1KL6xUwJDG84o9GfG8LvGN,45R4MPLJnXHgEblJqPewsP9PMaXDjzilA7Dnj,2026-04-03,2026-04-03,-8.59,USD,,,FanDuelDraftkings,debit
financially_stretched,DDeWxv7dnNu15qQaRNpyU7zPGrRgyGc4Jp13K,45R4MPLJnXHgEblJqPewsP9PMaXDjzilA7Dnj,2026-04-03,2026-04-03,-31.28,USD,,,INSTACART HTTPSINSTACAR,debit
financially_stretched,VD3Ql94NZnuB5QlN9X4ETaoVlrvQ9lcqEAa9G,45R4MPLJnXHgEblJqPewsP9PMaXDjzilA7Dnj,2026-04-03,2026-04-03,-41.69,USD,,,Nike,debit
financially_stretched,wmPpgoE8RLFzVje647dNCN7JgVA4mguEmdGPe,45R4MPLJnXHgEblJqPewsP9PMaXDjzilA7Dnj,2026-04-03,2026-04-03,-34.29,USD,,,POS SMART AND FINAL 111,debit
financially_stretched,vnNLpkX8g1Fq4x8DZjoLULjN7pZxl7cv17pqV,45R4MPLJnXHgEblJqPewsP9PMaXDjzilA7Dnj,2026-04-02,2026-04-02,-18.88,USD,,,Chick-fil-A,debit
financially_stretched,RDKPR93xwEuD59MGEJmgFr3qRBoNQRcPA19a1,45R4MPLJnXHgEblJqPewsP9PMaXDjzilA7Dnj,2026-04-02,2026-04-02,-54.22,USD,,,Domino's,debit
financially_stretched,6EqPo7l9nVC43WKyv5wNh4XRgNdWEgF1eA68M,45R4MPLJnXHgEblJqPewsP9PMaXDjzilA7Dnj,2026-04-02,2026-04-02,-12.36,USD,,,FanDuelDraftkings,debit
financially_stretched,XWdMz9Pjbmswl91KqB6yToMXZaE8rZI1LlQb7,45R4MPLJnXHgEblJqPewsP9PMaXDjzilA7Dnj,2026-04-02,2026-04-02,-29.17,USD,,,FanDuelDraftkings,debit
financially_stretched,9EzeGZr9RlCDa4BEpl3dFKRmn3EL4nSqgJr4B,45R4MPLJnXHgEblJqPewsP9PMaXDjzilA7Dnj,2026-04-02,2026-04-02,-20.32,USD,,,Walmart,debit
financially_stretched,yn7gApq8koF5j4oZMvLlULvx79Ddk7cKwvG4g,45R4MPLJnXHgEblJqPewsP9PMaXDjzilA7Dnj,2026-04-01,2026-04-01,-6.84,USD,,,Domino's,debit
financially_stretched,mnKNrPy8M4F7qpg53znPUPz1oQvNaoF4X3Eg9,45R4MPLJnXHgEblJqPewsP9PMaXDjzilA7Dnj,2026-04-01,2026-04-01,-36.56,USD,,,FanDuel,debit
financially_stretched,GDMqjmZNn7uw5v3kj7GDTpRwALbPKAcGoja6A,45R4MPLJnXHgEblJqPewsP9PMaXDjzilA7Dnj,2026-04-01,2026-04-01,-34.34,USD,,,IKEA CHICAGO,debit
financially_stretched,nnrPBjE8RNFEKewBVkjnUnko6rxEd6u3QmoAG,45R4MPLJnXHgEblJqPewsP9PMaXDjzilA7Dnj,2026-04-01,2026-04-01,-38.24,USD,,,INSTACART HTTPSINSTACAR,debit
financially_stretched,bWMl8qEmD5sz4XDM6P9wCwd45vrK15fo7vlmz,45R4MPLJnXHgEblJqPewsP9PMaXDjzilA7Dnj,2026-04-01,2026-04-01,-57.33,USD,,,Safeway,debit
financially_stretched,AEPgqmNBwdCbZDjg8dvotp9ZWkv7AWc45e894,45R4MPLJnXHgEblJqPewsP9PMaXDjzilA7Dnj,2026-03-31,2026-03-31,-47.1,USD,,,INSTACART HTTPSINSTACAR,debit
financially_stretched,WDxZK9NPXbu75ywe3LnjUqmbGQk3WGhPjaR66,45R4MPLJnXHgEblJqPewsP9PMaXDjzilA7Dnj,2026-03-31,2026-03-31,-7.77,USD,,,Walmart,debit
financially_stretched,mnKNrPy8M4F7qpg53znPUPz1oQvNaoF4X3Ego,45R4MPLJnXHgEblJqPewsP9PMaXDjzilA7Dnj,2026-03-30,2026-03-30,-27.5,USD,,,Chick-fil-A,debit
financially_stretched,XWdMz9Pjbmswl91KqB6yToMXZaE8rZI1LlQbM,45R4MPLJnXHgEblJqPewsP9PMaXDjzilA7Dnj,2026-03-30,2026-03-30,-20.9,USD,,,Costco,debit
financially_stretched,vnNLpkX8g1Fq4x8DZjoLULjN7pZxl7cv17pqm,45R4MPLJnXHgEblJqPewsP9PMaXDjzilA7Dnj,2026-03-30,2026-03-30,-42.37,USD,,,Costco,debit
financially_stretched,EDQAa6ekVPuv53rZpPEWUz7PWM8rZWtgmdy4X,45R4MPLJnXHgEblJqPewsP9PMaXDjzilA7Dnj,2026-03-30,2026-03-30,1080.9,USD,,,Dollar Loan Center NV,debit
financially_stretched,yn7gApq8koF5j4oZMvLlULvx79Ddk7cKwvG43,45R4MPLJnXHgEblJqPewsP9PMaXDjzilA7Dnj,2026-03-30,2026-03-30,-39.16,USD,,,FanDuel,debit
financially_stretched,9EzeGZr9RlCDa4BEpl3dFKRmn3EL4nSqgJr48,45R4MPLJnXHgEblJqPewsP9PMaXDjzilA7Dnj,2026-03-30,2026-03-30,-23.14,USD,,,INSTACART HTTPSINSTACAR,debit
financially_stretched,RDKPR93xwEuD59MGEJmgFr3qRBoNQRcPA19aE,45R4MPLJnXHgEblJqPewsP9PMaXDjzilA7Dnj,2026-03-30,2026-03-30,-56.04,USD,,,INSTACART HTTPSINSTACAR,debit
financially_stretched,DDeWxv7dnNu15qQaRNpyU7zPGrRgyGc4Jp13m,45R4MPLJnXHgEblJqPewsP9PMaXDjzilA7Dnj,2026-03-30,2026-03-30,-22.62,USD,,,Nike,debit
financially_stretched,6EqPo7l9nVC43WKyv5wNh4XRgNdWEgF1eA68q,45R4MPLJnXHgEblJqPewsP9PMaXDjzilA7Dnj,2026-03-30,2026-03-30,-50.7,USD,,,Target,debit
financially_stretched,VD3Ql94NZnuB5QlN9X4ETaoVlrvQ9lcqEAa96,45R4MPLJnXHgEblJqPewsP9PMaXDjzilA7Dnj,2026-03-30,2026-03-30,-25.01,USD,,,VEG & GO PLANT BASED RIVERSIDE CA VEG & GOYUM YUM # 11M CA YUM YUM # 11M,debit
financially_stretched,nnrPBjE8RNFEKewBVkjnUnko6rxEd6u3QmoAd,45R4MPLJnXHgEblJqPewsP9PMaXDjzilA7Dnj,2026-03-29,2026-03-29,-18.06,USD,,,ALDI 123131 PURCHASE ALDI 123123,debit
financially_stretched,bWMl8qEmD5sz4XDM6P9wCwd45vrK15fo7vlml,45R4MPLJnXHgEblJqPewsP9PMaXDjzilA7Dnj,2026-03-29,2026-03-29,-47.29,USD,,,Costco,debit
financially_stretched,AEPgqmNBwdCbZDjg8dvotp9ZWkv7AWc45e89v,45R4MPLJnXHgEblJqPewsP9PMaXDjzilA7Dnj,2026-03-29,2026-03-29,-29.85,USD,,,INSTACART HTTPSINSTACAR,debit
financially_stretched,WDxZK9NPXbu75ywe3LnjUqmbGQk3WGhPjaR6k,45R4MPLJnXHgEblJqPewsP9PMaXDjzilA7Dnj,2026-03-29,2026-03-29,-42.18,USD,,,Publix,debit
financially_stretched,GDMqjmZNn7uw5v3kj7GDTpRwALbPKAcGoja6e,45R4MPLJnXHgEblJqPewsP9PMaXDjzilA7Dnj,2026-03-29,2026-03-29,-37.92,USD,,,Uber Eats,debit
financially_stretched,EDQAa6ekVPuv53rZpPEWUz7PWM8rZWtgmdy4n,45R4MPLJnXHgEblJqPewsP9PMaXDjzilA7Dnj,2026-03-28,2026-03-28,-31.1,USD,,,FanDuelDraftkings,debit
financially_stretched,8Er7WQK9J5CEdbzQaXBxUoZyn34AjnIZ8EnW3,45R4MPLJnXHgEblJqPewsP9PMaXDjzilA7Dnj,2026-03-28,2026-03-28,-50.79,USD,,,IKEA CHICAGO,debit
financially_stretched,gWgBv39mMzsmeQJ1g9zXUXjBnKgPyntL5koER,45R4MPLJnXHgEblJqPewsP9PMaXDjzilA7Dnj,2026-03-28,2026-03-28,-48.1,USD,,,Safeway,debit
financially_stretched,ZW4LdJ7mE9sgKRqJMbrjsjlZzEmaVzFJGk3eV,45R4MPLJnXHgEblJqPewsP9PMaXDjzilA7Dnj,2026-03-27,2026-03-27,-26.51,USD,,,DD DOORDASH BOSTONMAR,debit
financially_stretched,MD8xEmqKgLuK5bRjxLdeHWbEp5Mz9pI41ZKLP,45R4MPLJnXHgEblJqPewsP9PMaXDjzilA7Dnj,2026-03-27,2026-03-27,-5.03,USD,,,INSTACART HTTPSINSTACAR,debit
financially_stretched,pnB7aewWMjFvzZa9Nx1wUwvnV3D6bVfJzmwpQ,45R4MPLJnXHgEblJqPewsP9PMaXDjzilA7Dnj,2026-03-27,2026-03-27,-18.44,USD,,,INSTACART HTTPSINSTACAR,debit
financially_stretched,1ERxPaZ96vCVq4APnD3bUolwWPzx5WIqrvzpo,45R4MPLJnXHgEblJqPewsP9PMaXDjzilA7Dnj,2026-03-27,2026-03-27,-40.15,USD,,,INSTACART HTTPSINSTACAR,debit
financially_stretched,QDqN9kB3p8uk5apGyWbwheEyxWXVBxUGDA1wW,45R4MPLJnXHgEblJqPewsP9PMaXDjzilA7Dnj,2026-03-27,2026-03-27,-5.2,USD,,,Publix,debit
financially_stretched,LDk3g9lqp1uA58oRv1arho3xKmq1bKIeEz7kE,45R4MPLJnXHgEblJqPewsP9PMaXDjzilA7Dnj,2026-03-27,2026-03-27,-49.51,USD,,,Uber Eats,debit
financially_stretched,onzjx7Ew1PFarnWJM3yQUQvy67w5L6UpbwjoQ,45R4MPLJnXHgEblJqPewsP9PMaXDjzilA7Dnj,2026-03-27,2026-03-27,-26.92,USD,,,VIDALIA'S RESTAURANT,debit
financially_stretched,jnWdwaE8LxF6AzX3JqrKfKqkALv9nASvabE6P,45R4MPLJnXHgEblJqPewsP9PMaXDjzilA7Dnj,2026-03-26,2026-03-26,-36.17,USD,,,Draftkings,debit
financially_stretched,PDl4mwzBkguA5x7r8g1qh3Gxpn4ZbpUXAm1oz,45R4MPLJnXHgEblJqPewsP9PMaXDjzilA7Dnj,2026-03-26,2026-03-26,-32.29,USD,,,Home Depot,debit
financially_stretched,eWprbzEmMKsXj8mbKW6wHwNo58xmv5famngrz,45R4MPLJnXHgEblJqPewsP9PMaXDjzilA7Dnj,2026-03-26,2026-03-26,-9.1,USD,,,POS SMART AND FINAL 111,debit
financially_stretched,7DKj8eq9RwueEMrNWqzpUQ5GBLdWzBU8xVZde,45R4MPLJnXHgEblJqPewsP9PMaXDjzilA7Dnj,2026-03-26,2026-03-26,-39.8,USD,,,VEG & GO PLANT BASED RIVERSIDE CA VEG & GOYUM YUM # 11M CA YUM YUM # 11M,debit
financially_stretched,NDEdA9Kr8pu35kqgmpGAHlmGpzb3opiXQN3We,45R4MPLJnXHgEblJqPewsP9PMaXDjzilA7Dnj,2026-03-25,2026-03-25,998.14,USD,,,ATM CASH DEPOSIT,debit
financially_stretched,45R4MPLJnXHgEblJqPewsP94vx6ekvFlLEodG,45R4MPLJnXHgEblJqPewsP9PMaXDjzilA7Dnj,2026-03-25,2026-03-25,-36.06,USD,,,IKEA CHICAGO,debit
financially_stretched,abZAolpm6wukvw7ajLP9h9x3DrQzlDCkDGN7A,45R4MPLJnXHgEblJqPewsP9PMaXDjzilA7Dnj,2026-03-25,2026-03-25,-26.76,USD,,,INSTACART HTTPSINSTACAR,debit
gig_worker,1kd1GyyZ5QClXBr16eEbtolJyxyJe4SpNN33A,WQv5d88NV3uJArBP8xVjHqm7mBw4oEU6vNjdZ,2026-04-21,2026-04-21,-41.79,USD,,,Amazon,debit
gig_worker,pxN3zLLwZvcb3QGlgVXwuwvMk6kMdGhpbbkkR,WQv5d88NV3uJArBP8xVjHqm7mBw4oEU6vNjdZ,2026-04-21,2026-04-21,-25.94,USD,,,Home Depot,debit
gig_worker,gyK58AA9doIG4pBWyn7XUXjxJPJxdWFEPPrPz,WQv5d88NV3uJArBP8xVjHqm7mBw4oEU6vNjdZ,2026-04-21,2026-04-21,-33.86,USD,,,INSTACART HTTPSINSTACAR,debit
gig_worker,LBv5Wjjl6JuZMPyVXnzrfo3QJ1JQp7SkqqooZ,WQv5d88NV3uJArBP8xVjHqm7mBw4oEU6vNjdZ,2026-04-21,2026-04-21,-27.08,USD,,,POKE BROS * POKE BRO,debit
gig_worker,o34BrXXEQvfLBVjx9EgQfQveA5Aep3ho11r1N,WQv5d88NV3uJArBP8xVjHqm7mBw4oEU6vNjdZ,2026-04-21,2026-04-21,-27.57,USD,,,The Press Club,debit
gig_worker,Q4w5KVVB6lcgAN7zrqRwSeEMkVkMZGCwZZzzA,WQv5d88NV3uJArBP8xVjHqm7mBw4oEU6vNjdZ,2026-04-20,2026-04-20,-15.22,USD,,,Amazon,debit
gig_worker,Pav5qeez6JheMNojplWqT3GkoZok7eCo88JJ8,WQv5d88NV3uJArBP8xVjHqm7mBw4oEU6vNjdZ,2026-04-20,2026-04-20,-26.33,USD,,,Domino's,debit
gig_worker,jqBlAZZENvsdDVGZ1ywKcKqrx9xrQpC6xxwwQ,WQv5d88NV3uJArBP8xVjHqm7mBw4oEU6vNjdZ,2026-04-20,2026-04-20,-39.8,USD,,,Family Dollar,debit
gig_worker,ekl5oaaE3LCnd1rLl5ZwCwNg1m1gzBhrJJEEe,WQv5d88NV3uJArBP8xVjHqm7mBw4oEU6vNjdZ,2026-04-20,2026-04-20,-45.06,USD,,,INSTACART HTTPSINSTACAR,debit
gig_worker,M3v5Awwq6JfkNP71zWQeHWblvzvlg3uLNNzzj,WQv5d88NV3uJArBP8xVjHqm7mBw4oEU6vNjdZ,2026-04-20,2026-04-20,-34.91,USD,,,POS SMART AND FINAL 111,debit
gig_worker,7M7EBQQqmoT57Gl1oXDpIQ5lPWPljDhd66jj3,WQv5d88NV3uJArBP8xVjHqm7mBw4oEU6vNjdZ,2026-04-20,2026-04-20,-49.78,USD,,,Safeway,debit
gig_worker,Z1X5Ngg76aFEA3zLp46jHjl7DaD78MfePPzzA,WQv5d88NV3uJArBP8xVjHqm7mBw4oEU6vNjdZ,2026-04-20,2026-04-20,-54.24,USD,,,Safeway,debit
gig_worker,4eNoKvvLD1iGNMrmdpDwUP95NeN5dauJ99kk3,WQv5d88NV3uJArBP8xVjHqm7mBw4oEU6vNjdZ,2026-04-19,2026-04-19,-41.42,USD,,,Amazon,debit
gig_worker,Nxv5GwwK6JcnPNe7EWyAClmjA3AjP9Fyooxxx,WQv5d88NV3uJArBP8xVjHqm7mBw4oEU6vNjdZ,2026-04-19,2026-04-19,1077.93,USD,,,Lyft,debit
gig_worker,aWv5MddpKQhlzyQbpA69t9xMXzXMjyuZooPP1,WQv5d88NV3uJArBP8xVjHqm7mBw4oEU6vNjdZ,2026-04-19,2026-04-19,-12.37,USD,,,POS SMART AND FINAL 111,debit
gig_worker,dnv5pddEB1cExDGLKoZ3H34QVLVQ5xCJllGGB,WQv5d88NV3uJArBP8xVjHqm7mBw4oEU6vNjdZ,2026-04-19,2026-04-19,-47.17,USD,,,POS SMART AND FINAL 111,debit
gig_worker,xe17PBBlyvixL3okGV81i1k4awa4gxF6kkNN6,WQv5d88NV3uJArBP8xVjHqm7mBw4oEU6vNjdZ,2026-04-19,2026-04-19,-44.18,USD,,,Safeway,debit
gig_worker,374pqBB1oMTG4ywpDdAvU8G1Z5Z1mBCZQQPPq,WQv5d88NV3uJArBP8xVjHqm7mBw4oEU6vNjdZ,2026-04-19,2026-04-19,-45.37,USD,,,Uber Eats,debit
gig_worker,Kzv5Eaak6JivyPa96jgJH9bZJ1JZAeuRKKnnj,WQv5d88NV3uJArBP8xVjHqm7mBw4oEU6vNjdZ,2026-04-18,2026-04-18,-36.82,USD,,,Family Dollar,debit
gig_worker,rakd3RRE1vhydlQWDERvhv8RkjkR59C7ppooW,WQv5d88NV3uJArBP8xVjHqm7mBw4oEU6vNjdZ,2026-04-18,2026-04-18,-13.27,USD,,,INSTACART HTTPSINSTACAR,debit
gig_worker,zZpQ7MMKVvtzxR8G7be3t1EGwJwGWdFlMMqqD,WQv5d88NV3uJArBP8xVjHqm7mBw4oEU6vNjdZ,2026-04-18,2026-04-18,-36.03,USD,,,POKE BROS * POKE BRO,debit
gig_worker,BnE6QllPAJcAylWXdzn3sp68nPn8Vxf4XXZZ7,WQv5d88NV3uJArBP8xVjHqm7mBw4oEU6vNjdZ,2026-04-18,2026-04-18,-54.74,USD,,,POS SMART AND FINAL 111,debit
gig_worker,qdPxBXXwMvCXxQelAw5kCkdKRmRKaGCgLLoo3,WQv5d88NV3uJArBP8xVjHqm7mBw4oEU6vNjdZ,2026-04-18,2026-04-18,-37.5,USD,,,TAQUERIA EL GUERRERO,debit
gig_worker,Jrv58aaL6Jt89VdamPKXiyo4KDK4g6iB11ZZ4,WQv5d88NV3uJArBP8xVjHqm7mBw4oEU6vNjdZ,2026-04-17,2026-04-17,-37.07,USD,,,Amazon,debit
gig_worker,lrxKlWWEj6txKz4ZgEaoio639v93ZDSpnnJJQ,WQv5d88NV3uJArBP8xVjHqm7mBw4oEU6vNjdZ,2026-04-17,2026-04-17,-51.61,USD,,,Domino's,debit
gig_worker,5QPgrxxpRkuJPawjm7DxHwJkpopk7Mh5bbggn,WQv5d88NV3uJArBP8xVjHqm7mBw4oEU6vNjdZ,2026-04-17,2026-04-17,-7.55,USD,,,IKEA CHICAGO,debit
gig_worker,kK3qGbbEPvtGqr9jdEPzUZK5ReR5j1FLqqwwE,WQv5d88NV3uJArBP8xVjHqm7mBw4oEU6vNjdZ,2026-04-17,2026-04-17,-12.87,USD,,,Nike,debit
gig_worker,w7MjNAAEwvTx5Wp8ZoJNiN75R4R5B9CP33LLG,WQv5d88NV3uJArBP8xVjHqm7mBw4oEU6vNjdZ,2026-04-17,2026-04-17,-44.21,USD,,,POKE BROS * POKE BRO,debit
gig_worker,Vev5x1146BiwDKLzgAVEIaomyQym1EF9ooRR4,WQv5d88NV3uJArBP8xVjHqm7mBw4oEU6vNjdZ,2026-04-16,2026-04-16,-7.18,USD,,,Home Depot,debit
gig_worker,DmA5MRR76JtXK8DgVWzyC7zwqgqwJbU377nnP,WQv5d88NV3uJArBP8xVjHqm7mBw4oEU6vNjdZ,2026-04-16,2026-04-16,-11.41,USD,,,POS SMART AND FINAL 111,debit
gig_worker,XZv5a11P6xtVMXj58ADyCoMW787WyeSb99yyR,WQv5d88NV3uJArBP8xVjHqm7mBw4oEU6vNjdZ,2026-04-16,2026-04-16,-58.77,USD,,,Uber Eats,debit
gig_worker,Vev5x1146BiwDKLzgAVEIaoewNv4gku9ooRRy,WQv5d88NV3uJArBP8xVjHqm7mBw4oEU6vNjdZ,2026-04-15,2026-04-15,-43.19,USD,,,Chick-fil-A,debit
gig_worker,XZv5a11P6xtVMXj58ADyCoMzVKEx9gfb99yyv,WQv5d88NV3uJArBP8xVjHqm7mBw4oEU6vNjdZ,2026-04-15,2026-04-15,-12.54,USD,,,Costco,debit
gig_worker,6Zj8zmml5ptXQje7lbENC4XPoQdBm7c8mmGGe,WQv5d88NV3uJArBP8xVjHqm7mBw4oEU6vNjdZ,2026-04-15,2026-04-15,-53.56,USD,,,Domino's,debit
gig_worker,5QPgrxxpRkuJPawjm7DxHwJ1Pr4Ezdu5bbggr,WQv5d88NV3uJArBP8xVjHqm7mBw4oEU6vNjdZ,2026-04-15,2026-04-15,-20.15,USD,,,Home Depot,debit
gig_worker,DmA5MRR76JtXK8DgVWzyC7zMadRZ9et377nnN,WQv5d88NV3uJArBP8xVjHqm7mBw4oEU6vNjdZ,2026-04-15,2026-04-15,-40.65,USD,,,IKEA CHICAGO,debit
gig_worker,Jrv58aaL6Jt89VdamPKXiyoP7REezjhB11ZZD,WQv5d88NV3uJArBP8xVjHqm7mBw4oEU6vNjdZ,2026-04-15,2026-04-15,1735.77,USD,,,Lyft,debit
gig_worker,w7MjNAAEwvTx5Wp8ZoJNiN7zGoAQ8buP33LLZ,WQv5d88NV3uJArBP8xVjHqm7mBw4oEU6vNjdZ,2026-04-15,2026-04-15,-52.07,USD,,,VIDALIA'S RESTAURANT,debit
gig_worker,mzdkqLLy7viVkQNeZoJPCPzewJv3xDFg99PPW,WQv5d88NV3uJArBP8xVjHqm7mBw4oEU6vNjdZ,2026-04-14,2026-04-14,-15.59,USD,,,Family Dollar,debit
gig_worker,vjZP455XyvCAPzm6y1MLsLjmy8ZKvMuqggllk,WQv5d88NV3uJArBP8xVjHqm7mBw4oEU6vNjdZ,2026-04-14,2026-04-14,-43.71,USD,,,POKE BROS * POKE BRO,debit
gig_worker,RNv5rVV36qt8AbBypKjgir3D8Go6AjuawwJJ4,WQv5d88NV3uJArBP8xVjHqm7mBw4oEU6vNjdZ,2026-04-14,2026-04-14,-29.79,USD,,,POS SMART AND FINAL 111,debit
gig_worker,9LQAxVVrDJCRojkXe7bdsKR6BXE9vyi4kknna,WQv5d88NV3uJArBP8xVjHqm7mBw4oEU6vNjdZ,2026-04-14,2026-04-14,-6.2,USD,,,Uber Eats,debit
gig_worker,yQLej33qywuW3xGJ7EelsLv1BjD6qzu4oo55b,WQv5d88NV3uJArBP8xVjHqm7mBw4oEU6vNjdZ,2026-04-14,2026-04-14,-44.84,USD,,,VIDALIA'S RESTAURANT,debit
gig_worker,nkazKppEevCWz3PMXyansnkwzQxZgjiAZZEEr,WQv5d88NV3uJArBP8xVjHqm7mBw4oEU6vNjdZ,2026-04-13,2026-04-13,-30.57,USD,,,ALDI 123131 PURCHASE ALDI 123123,debit
gig_worker,AG8ReQQN6JFE7qyG5rkoHp9mxdvLVwt9aayoG,WQv5d88NV3uJArBP8xVjHqm7mBw4oEU6vNjdZ,2026-04-13,2026-04-13,-34.63,USD,,,ALDI 123131 PURCHASE ALDI 123123,debit
gig_worker,bAvJ133ErZtWBxlLZENwswdpmMrPJZumEEzz8,WQv5d88NV3uJArBP8xVjHqm7mBw4oEU6vNjdZ,2026-04-13,2026-04-13,-24.67,USD,,,Costco,debit
gig_worker,Glv5p33ZAJiaQoXgz94DHpRdnkbQvat6qq88b,WQv5d88NV3uJArBP8xVjHqm7mBw4oEU6vNjdZ,2026-04-13,2026-04-13,-34.06,USD,,,DD DOORDASH BOSTONMAR,debit
gig_worker,81ek3wwKAgFZGmvgLJ1xfoZBgN4EpJfWggzrP,WQv5d88NV3uJArBP8xVjHqm7mBw4oEU6vNjdZ,2026-04-13,2026-04-13,-38.2,USD,,,DD DOORDASH BOSTONMAR,debit
gig_worker,WQv5d88NV3uJArBP8xVjHqmZJekylAT6XXv4e,WQv5d88NV3uJArBP8xVjHqm7mBw4oEU6vNjdZ,2026-04-13,2026-04-13,-48.22,USD,,,POKE BROS * POKE BRO,debit
gig_worker,EyG51NNebJIJNzbX7x1WHz7N4Q8LEBf4rrVEp,WQv5d88NV3uJArBP8xVjHqm7mBw4oEU6vNjdZ,2026-04-13,2026-04-13,-14.5,USD,,,Uber Eats,debit
gig_worker,pxN3zLLwZvcb3QGlgVXwuwvW8BD4gZupbbkK8,WQv5d88NV3uJArBP8xVjHqm7mBw4oEU6vNjdZ,2026-04-12,2026-04-12,-27.58,USD,,,ALDI 123131 PURCHASE ALDI 123123,debit
gig_worker,o34BrXXEQvfLBVjx9EgQfQvEqVwlgdso11rKw,WQv5d88NV3uJArBP8xVjHqm7mBw4oEU6vNjdZ,2026-04-12,2026-04-12,-8.17,USD,,,DD DOORDASH BOSTONMAR,debit
gig_worker,gyK58AA9doIG4pBWyn7XUXjpMQg1zoFEPPrMa,WQv5d88NV3uJArBP8xVjHqm7mBw4oEU6vNjdZ,2026-04-12,2026-04-12,-52.23,USD,,,INSTACART HTTPSINSTACAR,debit
gig_worker,LBv5Wjjl6JuZMPyVXnzrfo35ZRqLl8fkqqo9B,WQv5d88NV3uJArBP8xVjHqm7mBw4oEU6vNjdZ,2026-04-11,2026-04-11,-33.62,USD,,,ALDI 123131 PURCHASE ALDI 123123,debit
gig_worker,Z1X5Ngg76aFEA3zLp46jHjlJP1m6wLcePPzbz,WQv5d88NV3uJArBP8xVjHqm7mBw4oEU6vNjdZ,2026-04-11,2026-04-11,-33.05,USD,,,Family Dollar,debit
gig_worker,ekl5oaaE3LCnd1rLl5ZwCwNZk6xJV3urJJEV7,WQv5d88NV3uJArBP8xVjHqm7mBw4oEU6vNjdZ,2026-04-11,2026-04-11,-31.79,USD,,,Home Depot,debit
gig_worker,Q4w5KVVB6lcgAN7zrqRwSeE7r4Xg6ouwZZzaa,WQv5d88NV3uJArBP8xVjHqm7mBw4oEU6vNjdZ,2026-04-11,2026-04-11,-48.53,USD,,,IKEA CHICAGO,debit
gig_worker,M3v5Awwq6JfkNP71zWQeHWbrVjM7QxCLNNz7N,WQv5d88NV3uJArBP8xVjHqm7mBw4oEU6vNjdZ,2026-04-11,2026-04-11,-58.23,USD,,,VEG & GO PLANT BASED RIVERSIDE CA VEG & GOYUM YUM # 11M CA YUM YUM # 11M,debit
gig_worker,1kd1GyyZ5QClXBr16eEbtolLvEzNRjfpNN3mD,WQv5d88NV3uJArBP8xVjHqm7mBw4oEU6vNjdZ,2026-04-11,2026-04-11,-26.59,USD,,,Walmart,debit
gig_worker,Pav5qeez6JheMNojplWqT3GgKr46LdHo88JN7,WQv5d88NV3uJArBP8xVjHqm7mBw4oEU6vNjdZ,2026-04-10,2026-04-10,-11.12,USD,,,Home Depot,debit
gig_worker,7M7EBQQqmoT57Gl1oXDpIQ5y4kdq3rsd66j18,WQv5d88NV3uJArBP8xVjHqm7mBw4oEU6vNjdZ,2026-04-10,2026-04-10,-53.68,USD,,,Home Depot,debit
gig_worker,jqBlAZZENvsdDVGZ1ywKcKqDN8vaJEi6xxwG6,WQv5d88NV3uJArBP8xVjHqm7mBw4oEU6vNjdZ,2026-04-10,2026-04-10,-40.98,USD,,,IKEA CHICAGO,debit
gig_worker,dnv5pddEB1cExDGLKoZ3H341qpNdzMHJllG6q,WQv5d88NV3uJArBP8xVjHqm7mBw4oEU6vNjdZ,2026-04-09,2026-04-09,-32.22,USD,,,Costco,debit
gig_worker,o34BrXXEQvfLBVjx9EgQfQvEqVwlgdso11rKm,WQv5d88NV3uJArBP8xVjHqm7mBw4oEU6vNjdZ,2026-04-09,2026-04-09,-36.05,USD,,,POKE BROS * POKE BRO,debit
gig_worker,4eNoKvvLD1iGNMrmdpDwUP9GKy6pVRFJ99k38,WQv5d88NV3uJArBP8xVjHqm7mBw4oEU6vNjdZ,2026-04-09,2026-04-09,-53.92,USD,,,POKE BROS * POKE BRO,debit
gig_worker,Nxv5GwwK6JcnPNe7EWyAClmwngbBVZfyoox7r,WQv5d88NV3uJArBP8xVjHqm7mBw4oEU6vNjdZ,2026-04-09,2026-04-09,-16.22,USD,,,Publix,debit
gig_worker,aWv5MddpKQhlzyQbpA69t9xmPaQKR5tZooPeb,WQv5d88NV3uJArBP8xVjHqm7mBw4oEU6vNjdZ,2026-04-09,2026-04-09,-13.08,USD,,,Target,debit
gig_worker,LBv5Wjjl6JuZMPyVXnzrfo35ZRqLl8fkqqo98,WQv5d88NV3uJArBP8xVjHqm7mBw4oEU6vNjdZ,2026-04-08,2026-04-08,-23.63,USD,,,Chick-fil-A,debit
gig_worker,Q4w5KVVB6lcgAN7zrqRwSeE7r4Xg6ouwZZzax,WQv5d88NV3uJArBP8xVjHqm7mBw4oEU6vNjdZ,2026-04-08,2026-04-08,-33.81,USD,,,Nike,debit
gig_worker,Z1X5Ngg76aFEA3zLp46jHjlJP1m6wLcePPzb3,WQv5d88NV3uJArBP8xVjHqm7mBw4oEU6vNjdZ,2026-04-08,2026-04-08,-44.34,USD,,,POKE BROS * POKE BRO,debit
gig_worker,1kd1GyyZ5QClXBr16eEbtolLvEzNRjfpNN3mK,WQv5d88NV3uJArBP8xVjHqm7mBw4oEU6vNjdZ,2026-04-08,2026-04-08,-58.98,USD,,,POS SMART AND FINAL 111,debit
gig_worker,pxN3zLLwZvcb3QGlgVXwuwvW8BD4gZupbbkKG,WQv5d88NV3uJArBP8xVjHqm7mBw4oEU6vNjdZ,2026-04-08,2026-04-08,-15.48,USD,,,Safeway,debit
gig_worker,M3v5Awwq6JfkNP71zWQeHWbrVjM7QxCLNNz7W,WQv5d88NV3uJArBP8xVjHqm7mBw4oEU6vNjdZ,2026-04-08,2026-04-08,-33.32,USD,,,Safeway,debit
gig_worker,Pav5qeez6JheMNojplWqT3GgKr46LdHo88JNl,WQv5d88NV3uJArBP8xVjHqm7mBw4oEU6vNjdZ,2026-04-07,2026-04-07,-39.81,USD,,,DD DOORDASH BOSTONMAR,debit
gig_worker,7M7EBQQqmoT57Gl1oXDpIQ5y4kdq3rsd66j1G,WQv5d88NV3uJArBP8xVjHqm7mBw4oEU6vNjdZ,2026-04-07,2026-04-07,-40.3,USD,,,DD DOORDASH BOSTONMAR,debit
gig_worker,4eNoKvvLD1iGNMrmdpDwUP9GKy6pVRFJ99k3V,WQv5d88NV3uJArBP8xVjHqm7mBw4oEU6vNjdZ,2026-04-07,2026-04-07,-15.12,USD,,,Home Depot,debit
gig_worker,Nxv5GwwK6JcnPNe7EWyAClmwngbBVZfyoox76,WQv5d88NV3uJArBP8xVjHqm7mBw4oEU6vNjdZ,2026-04-07,2026-04-07,-27.16,USD,,,Target,debit
gig_worker,ekl5oaaE3LCnd1rLl5ZwCwNZk6xJV3urJJEVj,WQv5d88NV3uJArBP8xVjHqm7mBw4oEU6vNjdZ,2026-04-07,2026-04-07,1554.94,USD,,,UBER PAYOUT,debit
gig_worker,jqBlAZZENvsdDVGZ1ywKcKqDN8vaJEi6xxwGV,WQv5d88NV3uJArBP8xVjHqm7mBw4oEU6vNjdZ,2026-04-07,2026-04-07,-43.67,USD,,,Uber Eats,debit
gig_worker,dnv5pddEB1cExDGLKoZ3H341qpNdzMHJllG6n,WQv5d88NV3uJArBP8xVjHqm7mBw4oEU6vNjdZ,2026-04-06,2026-04-06,-6.88,USD,,,ALDI 123131 PURCHASE ALDI 123123,debit
gig_worker,zZpQ7MMKVvtzxR8G7be3t1E7VyR6M5hlMMqgW,WQv5d88NV3uJArBP8xVjHqm7mBw4oEU6vNjdZ,2026-04-06,2026-04-06,-23.42,USD,,,Domino's,debit
gig_worker,aWv5MddpKQhlzyQbpA69t9xmPaQKR5tZooPe6,WQv5d88NV3uJArBP8xVjHqm7mBw4oEU6vNjdZ,2026-04-06,2026-04-06,-46.63,USD,,,POS SMART AND FINAL 111,debit
gig_worker,374pqBB1oMTG4ywpDdAvU8Gg6y9pD4uZQQP8R,WQv5d88NV3uJArBP8xVjHqm7mBw4oEU6vNjdZ,2026-04-06,2026-04-06,-19.35,USD,,,TAQUERIA EL GUERRERO,debit
gig_worker,BnE6QllPAJcAylWXdzn3sp6l9Wk5oJt4XXZL8,WQv5d88NV3uJArBP8xVjHqm7mBw4oEU6vNjdZ,2026-04-06,2026-04-06,-10.99,USD,,,Target,debit
gig_worker,xe17PBBlyvixL3okGV81i1kqyp8oG3h6kkNAe,WQv5d88NV3uJArBP8xVjHqm7mBw4oEU6vNjdZ,2026-04-06,2026-04-06,-23.41,USD,,,The Press Club,debit
gig_worker,rakd3RRE1vhydlQWDERvhv8ZwD3dAeu7ppoDV,WQv5d88NV3uJArBP8xVjHqm7mBw4oEU6vNjdZ,2026-04-05,2026-04-05,-14.75,USD,,,POS SMART AND FINAL 111,debit
gig_worker,Jrv58aaL6Jt89VdamPKXiyoP7REezjhB11Zo7,WQv5d88NV3uJArBP8xVjHqm7mBw4oEU6vNjdZ,2026-04-04,2026-04-04,-51.64,USD,,,ALDI 123131 PURCHASE ALDI 123123,debit
gig_worker,kK3qGbbEPvtGqr9jdEPzUZKNrkvpgGfLqqw8Z,WQv5d88NV3uJArBP8xVjHqm7mBw4oEU6vNjdZ,2026-04-04,2026-04-04,-29.5,USD,,,Family Dollar,debit
gig_worker,Kzv5Eaak6JivyPa96jgJH9bQrnVqN8tRKKnmL,WQv5d88NV3uJArBP8xVjHqm7mBw4oEU6vNjdZ,2026-04-04,2026-04-04,-43.22,USD,,,IKEA CHICAGO,debit
gig_worker,qdPxBXXwMvCXxQelAw5kCkdnl7g3QzTgLLoVn,WQv5d88NV3uJArBP8xVjHqm7mBw4oEU6vNjdZ,2026-04-04,2026-04-04,-58.84,USD,,,INSTACART HTTPSINSTACAR,debit
gig_worker,lrxKlWWEj6txKz4ZgEaoio68kJyLe5fpnnJrj,WQv5d88NV3uJArBP8xVjHqm7mBw4oEU6vNjdZ,2026-04-04,2026-04-04,-28.45,USD,,,POS SMART AND FINAL 111,debit
gig_worker,RNv5rVV36qt8AbBypKjgir3D8Go6AjuawwJXM,WQv5d88NV3uJArBP8xVjHqm7mBw4oEU6vNjdZ,2026-04-03,2026-04-03,-36.73,USD,,,Amazon,debit
gig_worker,6Zj8zmml5ptXQje7lbENC4XPoQdBm7c8mmGbn,WQv5d88NV3uJArBP8xVjHqm7mBw4oEU6vNjdZ,2026-04-03,2026-04-03,-40.44,USD,,,Domino's,debit
gig_worker,DmA5MRR76JtXK8DgVWzyC7zMadRZ9et377nE9,WQv5d88NV3uJArBP8xVjHqm7mBw4oEU6vNjdZ,2026-04-03,2026-04-03,-52.48,USD,,,INSTACART HTTPSINSTACAR,debit
gig_worker,Vev5x1146BiwDKLzgAVEIaoewNv4gku9ooRpj,WQv5d88NV3uJArBP8xVjHqm7mBw4oEU6vNjdZ,2026-04-03,2026-04-03,-18.15,USD,,,Nike,debit
gig_worker,w7MjNAAEwvTx5Wp8ZoJNiN7zGoAQ8buP33LqB,WQv5d88NV3uJArBP8xVjHqm7mBw4oEU6vNjdZ,2026-04-03,2026-04-03,-41.66,USD,,,POKE BROS * POKE BRO,debit
gig_worker,XZv5a11P6xtVMXj58ADyCoMzVKEx9gfb99yPl,WQv5d88NV3uJArBP8xVjHqm7mBw4oEU6vNjdZ,2026-04-03,2026-04-03,-44.51,USD,,,POKE BROS * POKE BRO,debit
gig_worker,5QPgrxxpRkuJPawjm7DxHwJ1Pr4Ezdu5bbg3k,WQv5d88NV3uJArBP8xVjHqm7mBw4oEU6vNjdZ,2026-04-03,2026-04-03,-35.02,USD,,,Target,debit
gig_worker,yQLej33qywuW3xGJ7EelsLv1BjD6qzu4oo5W5,WQv5d88NV3uJArBP8xVjHqm7mBw4oEU6vNjdZ,2026-04-02,2026-04-02,-9.86,USD,,,Safeway,debit
gig_worker,mzdkqLLy7viVkQNeZoJPCPzewJv3xDFg99PMA,WQv5d88NV3uJArBP8xVjHqm7mBw4oEU6vNjdZ,2026-04-02,2026-04-02,-24.94,USD,,,TAQUERIA EL GUERRERO,debit
bonus_income,k1pxQb1nlbFAdKGKGp1eHZKzXEbZVEiL8LQ6B,GaRyx3aWM3hxz7a7aV5eipR5eZELzyu6DD797,2026-04-21,2026-04-21,500.0,USD,,,PLAID PAYROLL DIRECT DEP,debit
bonus_income,lLJ9QWLbkWCmgvxvx7l9ho6jWMronMiprpwo4,GaRyx3aWM3hxz7a7aV5eipR5eZELzyu6DD797,2026-04-21,2026-04-21,888.0,USD,,,REGULAR SALARY,debit
bonus_income,5ZJ4MxZdlxClmLJLJgEkTwJynGmw5GS5p5wKD,GaRyx3aWM3hxz7a7aV5eipR5eZELzyu6DD797,2026-04-14,2026-04-14,500.0,USD,,,PLAID PAYROLL DIRECT DEP,debit
bonus_income,JPQ4NaPnpatxmZ8Z8B5MiyoNnpBy1puB5B46r,GaRyx3aWM3hxz7a7aV5eipR5eZELzyu6DD797,2026-04-14,2026-04-14,1316.0,USD,,,REGULAR SALARY,debit
bonus_income,V8way18d31FjgXwXwx5nfaoA5lbadlI9n9mgM,GaRyx3aWM3hxz7a7aV5eipR5eZELzyu6DD797,2026-04-07,2026-04-07,500.0,USD,,,PLAID PAYROLL DIRECT DEP,debit
bonus_income,wBxbXABdPACgZ7x7xmVQIN7Wdg6NlgCPlPNZb,GaRyx3aWM3hxz7a7aV5eipR5eZELzyu6DD797,2026-04-07,2026-04-07,559.0,USD,,,REGULAR SALARY,debit
bonus_income,XlQgV1l4d1id8BVBVnlmsoMlRZNojZibxb6Kj,GaRyx3aWM3hxz7a7aV5eipR5eZELzyu6DD797,2026-03-31,2026-03-31,800.0,USD,,,PLAID PAYROLL DIRECT DEP,debit
bonus_income,6MLebmMaqmTPl5X5Xr38T4XJ1gA4Mgf8x89DQ,GaRyx3aWM3hxz7a7aV5eipR5eZELzyu6DD797,2026-03-31,2026-03-31,500.0,USD,,,PLAID PAYROLL DIRECT DEP,debit
bonus_income,D341zR3geRHxVNXNXB5Pi7zpkGB7xGs3X3wWW,GaRyx3aWM3hxz7a7aV5eipR5eZELzyu6DD797,2026-03-31,2026-03-31,461.0,USD,,,REGULAR SALARY,debit
bonus_income,vz3MW5zxN5CXyjAjAk47CLjrg7DLA7tqXqz61,GaRyx3aWM3hxz7a7aV5eipR5eZELzyu6DD797,2026-03-24,2026-03-24,500.0,USD,,,PLAID PAYROLL DIRECT DEP,debit
bonus_income,RLZQyVLzKVC6pJ8J8a5rFr31KRWraRtaGalpo,GaRyx3aWM3hxz7a7aV5eipR5eZELzyu6DD797,2026-03-24,2026-03-24,504.0,USD,,,REGULAR SALARY,debit
broad_income_mix,PV7XLRElQ9c3JMLAPLgnH3WwWApVlMfoBgrrp,ndA16mJrMgF8xzrE5rkbinkrGAV4QBFAAg655,2026-04-15,2026-04-15,1000.7,USD,,,PLAID PAYROLL,debit
broad_income_mix,jz7XR3gWJ1u75DR6gRqbUKzbzlA3y1f6zD88n,ndA16mJrMgF8xzrE5rkbinkrGAV4QBFAAg655,2026-04-15,2026-04-15,824.2,USD,,,SSI TREAS 310 XXSUPP SEC PPD ID: 1234567890,debit
broad_income_mix,NXPbLVnE7mczKP8348poSlLxL8p67WcyB9qql,ndA16mJrMgF8xzrE5rkbinkrGAV4QBFAAg655,2026-04-13,2026-04-13,500.0,USD,,,TWC-BENEFITS/UI BENEFIT,debit
broad_income_mix,4mZjAwVRaBToxNygLyP8UP838ZvnmoiJNBwwN,ndA16mJrMgF8xzrE5rkbinkrGAV4QBFAAg655,2026-04-08,2026-04-08,1525.0,USD,,,AIRBNB PAYMENTS PPD ID: 1234567890,debit
broad_income_mix,aD7yRJ3ZB4cdezRknRL5s9vEveDboguZlrxxG,ndA16mJrMgF8xzrE5rkbinkrGAV4QBFAAg655,2026-04-08,2026-04-08,120.12,USD,,,TEXAS OAG CHILD SUPPORT,debit
broad_income_mix,dbZaReJLDjFl8x7My7rvu36e68oa97fJ57xxr,ndA16mJrMgF8xzrE5rkbinkrGAV4QBFAAg655,2026-04-06,2026-04-06,500.0,USD,,,TWC-BENEFITS/UI BENEFIT,debit
broad_income_mix,xMKw6LXjg9FzjLBg6BemS1EjE96QMvt6p8RRg,ndA16mJrMgF8xzrE5rkbinkrGAV4QBFAAg655,2026-04-05,2026-04-05,720.12,USD,,,Social Security Administration,debit
broad_income_mix,35JwZVvRGzC1m469o6x8S8oKoXVd3RiZKzeeW,ndA16mJrMgF8xzrE5rkbinkrGAV4QBFAAg655,2026-04-03,2026-04-03,142.63,USD,,,GrubHub,debit
broad_income_mix,BXkdoN5jD1cjKyrRGra4fp4r47EwBQC46rNNX,ndA16mJrMgF8xzrE5rkbinkrGAV4QBFAAg655,2026-04-01,2026-04-01,5.1,USD,,,INTEREST PAYMENT,debit
broad_income_mix,rPwy6X5xgAFZ1dA5KAa7ivlLlKzqbBc7qEVVD,ndA16mJrMgF8xzrE5rkbinkrGAV4QBFAAg655,2026-04-01,2026-04-01,1000.7,USD,,,PLAID PAYROLL,debit
broad_income_mix,zLzx6B5eaRfynxmAEmZXU18N84joeDtlJp11q,ndA16mJrMgF8xzrE5rkbinkrGAV4QBFAAg655,2026-04-01,2026-04-01,750.0,USD,,,VAED TREAS 310,debit
broad_income_mix,KXP9LwVo4GcqmyAdxAM1H9GvGgkWyXuRWMaaG,ndA16mJrMgF8xzrE5rkbinkrGAV4QBFAAg655,2026-03-30,2026-03-30,500.0,USD,,,TWC-BENEFITS/UI BENEFIT,debit
broad_income_mix,qkAp65j3bWuoyx3G93dNUkjyj96qeLcgAn116,ndA16mJrMgF8xzrE5rkbinkrGAV4QBFAAg655,2026-03-25,2026-03-25,120.12,USD,,,TEXAS OAG CHILD SUPPORT,debit
broad_income_mix,l3A5Rg1k9pFDyKknWkv9CoBpBWMrl7SpGleep,ndA16mJrMgF8xzrE5rkbinkrGAV4QBFAAg655,2026-03-23,2026-03-23,142.63,USD,,,GrubHub,debit
broad_income_mix,kBAjRXmlxLCMRql4XlKeTZ7x7XEbQMFLgkeeW,ndA16mJrMgF8xzrE5rkbinkrGAV4QBFAAg655,2026-03-23,2026-03-23,500.0,USD,,,TWC-BENEFITS/UI BENEFIT,debit
joint_borrower,nPx7wl8lD9Cx95pGMXnVsn98xxwpXbfA8z66B,p7kQ9KWKDmSeMP5ElgwNSwXkMgrWwKhpL7Zqw,2026-04-21,2026-04-21,1500.0,USD,,,ACME CORP SALARY,debit
joint_borrower,GqK4o9N9z6HN1rAKgzDjTpXzbbdrG7f6Wb115,p7kQ9KWKDmSeMP5ElgwNSwXkMgrWwKhpL7Zqw,2026-04-21,2026-04-21,500.0,USD,,,PLAID PAYROLL DIRECT DEP,debit
joint_borrower,AgyzpABAVWC1pzBKG5o8SpgRvvmyXrf9Wg11N,p7kQ9KWKDmSeMP5ElgwNSwXkMgrWwKhpL7Zqw,2026-04-14,2026-04-14,1500.0,USD,,,ACME CORP SALARY,debit
joint_borrower,WZqWzjPjMAiGD1pkP8j3HqX4kkZ1Pnt6WpllZ,p7kQ9KWKDmSeMP5ElgwNSwXkMgrWwKhpL7Zqw,2026-04-14,2026-04-14,500.0,USD,,,PLAID PAYROLL DIRECT DEP,debit
joint_borrower,EAldvmkmKWuKoq6kX7WpIzjb88Nqlkc4joXXe,p7kQ9KWKDmSeMP5ElgwNSwXkMgrWwKhpL7Zqw,2026-04-07,2026-04-07,1500.0,USD,,,ACME CORP SALARY,debit
joint_borrower,87ybqM9MmPSRkWDwgLxacoXx44Bv8MhWx9ww7,p7kQ9KWKDmSeMP5ElgwNSwXkMgrWwKhpL7Zqw,2026-04-07,2026-04-07,500.0,USD,,,PLAID PAYROLL DIRECT DEP,debit
joint_borrower,gBlxknmnX6FaMRoEWyXgsXeqggpm3WtElKgg7,p7kQ9KWKDmSeMP5ElgwNSwXkMgrWwKhpL7Zqw,2026-03-31,2026-03-31,1500.0,USD,,,ACME CORP SALARY,debit
joint_borrower,ojde9qwqDouoPRNGx9QMsQ9owwENP3IoXNRRb,p7kQ9KWKDmSeMP5ElgwNSwXkMgrWwKhpL7Zqw,2026-03-31,2026-03-31,800.0,USD,,,PLAID PAYROLL DIRECT DEP,debit
joint_borrower,p7kQ9KWKDmSeMP5ElgwNSwXADDW5qGipD5LLn,p7kQ9KWKDmSeMP5ElgwNSwXkMgrWwKhpL7Zqw,2026-03-31,2026-03-31,500.0,USD,,,PLAID PAYROLL DIRECT DEP,debit
joint_borrower,L3xeoKqKawsDNd7bVXrvToE4qq5de7hkLNPPp,p7kQ9KWKDmSeMP5ElgwNSwXkMgrWwKhpL7Zqw,2026-03-24,2026-03-24,1500.0,USD,,,ACME CORP SALARY,debit
joint_borrower,1x7gmN9NVBudMax716bnuoaMzzLr64hpQM55l,p7kQ9KWKDmSeMP5ElgwNSwXkMgrWwKhpL7Zqw,2026-03-24,2026-03-24,500.0,USD,,,PLAID PAYROLL DIRECT DEP,debit
